{
  "conventions": {
    "geometry": "rotating BTZ, l=1; ds^2=-N^2 dt^2+N^-2 dr^2+r^2(dphi+N^phi dt)^2",
    "N2": "N^2 = -M + r^2 + J^2/(4 r^2)",
    "Nphi": "N^phi = -J/(2 r^2)",
    "section": "fixed-r (t,phi); h=[[M-r^2,-J/2],[-J/2,r^2]], det h=-N^2 r^2",
    "horizons": "r_pm^2=(1/2)(M+/-sqrt(M^2-J^2)); r_erg=sqrt(M)",
    "G_R": "G_R=(1/2)C (2D massless, conformally invariant) [Sorkin-Yazdi 1611.10281 eq.9; AdS2 curved use arXiv:2504.12919]",
    "massive_GR": "G_R=(1/2)C(I+(m^2/2rho)C)^-1 -> (1/2)C at m=0 [1701.07212,1712.04227]",
    "iDelta": "iDelta=i*(1/2)(C-C^T) Hermitian; SJ W=positive part of iDelta",
    "causal_order": "y prec x iff D=x-y is future-causal: h(D,D)<=0 and h(T,D)<0, T=(1,-g_tphi/g_phiphi)",
    "honest_region_note": "fixed-phi (t,r) section is Euclidean inside ergoregion; fixed-r (t,phi) is Lorentzian through ergoregion; we use a bounded phi-window patch (not the 2pi circle)."
  },
  "fiducial": {
    "M": 1.0,
    "J_rot": 0.6,
    "J_static": 0.0,
    "r_plus": 0.9486832980505138,
    "r_minus": 0.3162277660168379,
    "r_erg": 1.0,
    "N": 1600,
    "n_seeds": 4,
    "T_extent": 1.4,
    "Phi_extent": 1.4
  },
  "partA_existence": {
    "rotating_inside_ergoregion": {
      "M": 1.0,
      "J": 0.6,
      "r": 0.9743416490252569,
      "r_plus": 0.9486832980505138,
      "r_minus": 0.3162277660168379,
      "r_erg": 1.0,
      "in_ergoregion": true,
      "g_tt": 0.05065835097474314,
      "g_tphi": -0.3,
      "g_phiphi": 0.9493416490252569,
      "det_h": -0.0419079175487371,
      "lapse_sq": 0.0441441893882633,
      "null_slope_minus": 0.10037036321795334,
      "null_slope_plus": 0.5316465725354229,
      "cone_discriminant": 0.16763167019494846,
      "frame_drag_slope": 0.31600846787668807,
      "ref_timelike_norm": -0.04414418938826328,
      "section_lorentzian": true,
      "N": 1600,
      "T_extent": 1.4,
      "Phi_extent": 1.4,
      "seed": 101,
      "sprinkle_density": 3987.639331093187,
      "proper_area": 0.40123989838403207,
      "causal_link_fraction": 0.05934255784865541,
      "SJ_constructible": true,
      "health": {
        "n_positive": 796,
        "n_negative": 796,
        "n_zero": 8,
        "trace": 2.2737367544323206e-13,
        "pairing_residual_abs": 4.263256414560601e-14,
        "pairing_residual_rel": 4.572344238792827e-16,
        "max_abs_eig": 93.24005787644217
      },
      "n_positive_modes": 800,
      "pos_spectrum_head": [
        93.24005787644217,
        85.04963417237248,
        72.62456520600827,
        58.42636139775199,
        48.32930785339613,
        40.88618359554827,
        34.93495948201241,
        30.97416849343008,
        27.743096006487626,
        24.534061130669397,
        22.598815346453097,
        20.594417828933658,
        19.843684807084053,
        16.978609688647705,
        16.164145397260622,
        15.383017939387535,
        14.568534225041073,
        13.867474115375828,
        13.083719289996363,
        12.392380729009938,
        12.11662670666161,
        11.588846389311476,
        10.777599622206447,
        10.367209198532102,
        9.919749740285381,
        9.519920882708716,
        9.287508409736164,
        9.066738799562819,
        8.726756019061916,
        8.216501268534959,
        8.019397859586176,
        7.909213917870424,
        7.804882068091415,
        7.592915325273492,
        7.40331804253445,
        6.884873696017007,
        6.795342332934391,
        6.654018198469823,
        6.609710153721846,
        6.253762708103366
      ],
      "two_point": {
        "s_drag": 0.31600846787668807,
        "n_causal_links": 151822,
        "frac_corotating_links": 1.0,
        "causal_asymmetry": 1.0,
        "mean_dphi": 0.2030566592044616,
        "mean_dphi_over_dt": 0.30557913931556335,
        "wightman_asymmetry": null,
        "mean_ReW_corot": 0.056460764294645194,
        "mean_ReW_counter": null,
        "superradiance_asymmetry": 1.0,
        "bin_centers": [
          -0.09540720454694157,
          -0.09051452739068816,
          -0.08562185023443475,
          -0.08072917307818134,
          -0.07583649592192791,
          -0.0709438187656745,
          -0.06605114160942108,
          -0.061158464453167666,
          -0.05626578729691426,
          -0.051373110140660844,
          -0.04648043298440743,
          -0.04158775582815402,
          -0.03669507867190061,
          -0.03180240151564719,
          -0.026909724359393775,
          -0.022017047203140364,
          -0.017124370046886953,
          -0.012231692890633541,
          -0.0073390157343801235,
          -0.0024463385781267055,
          0.0024463385781267055,
          0.0073390157343801166,
          0.012231692890633528,
          0.01712437004688694,
          0.022017047203140357,
          0.026909724359393768,
          0.031802401515647186,
          0.03669507867190061,
          0.04158775582815402,
          0.04648043298440743,
          0.051373110140660844,
          0.056265787296914255,
          0.061158464453167666,
          0.06605114160942108,
          0.07094381876567449,
          0.0758364959219279,
          0.08072917307818131,
          0.08562185023443473,
          0.09051452739068816,
          0.09540720454694157
        ],
        "profile_ReW_vs_dphi": [
          NaN,
          NaN,
          NaN,
          NaN,
          NaN,
          NaN,
          NaN,
          NaN,
          NaN,
          NaN,
          NaN,
          NaN,
          NaN,
          NaN,
          NaN,
          NaN,
          NaN,
          NaN,
          NaN,
          NaN,
          0.6356542607282297,
          0.5317752063378666,
          0.4697829366206248,
          0.4168708079571425,
          0.378065504153531,
          0.352451945463787,
          0.3317155144526584,
          0.31365388322881216,
          0.3069237248644614,
          0.2985486704911802,
          0.29763558447205923,
          0.29254849114685133,
          0.28491522919627393,
          0.28873133705540377,
          0.2857465933853958,
          0.29806261279664426,
          0.29422863094326496,
          0.29089543180456956,
          0.29482835334803775,
          0.32698556270392726
        ]
      }
    },
    "static_same_r": {
      "M": 1.0,
      "J": 0.0,
      "r": 0.9743416490252569,
      "r_plus": 1.0,
      "r_minus": 0.0,
      "r_erg": 1.0,
      "in_ergoregion": false,
      "g_tt": 0.05065835097474314,
      "g_tphi": -0.0,
      "g_phiphi": 0.9493416490252569,
      "det_h": 0.04809208245126288,
      "lapse_sq": -0.05065835097474314,
      "null_slope_minus": null,
      "null_slope_plus": null,
      "cone_discriminant": -0.19236832980505153,
      "frame_drag_slope": 0.0,
      "ref_timelike_norm": 0.05065835097474314,
      "section_lorentzian": false,
      "N": 1600,
      "T_extent": 1.4,
      "Phi_extent": 1.4,
      "seed": 102,
      "SJ_constructible": false,
      "reason": "fixed-r (t,phi) section not Lorentzian (no real light cone)"
    },
    "headline": "SJ state is constructible in the rotating ergoregion (J!=0) where d_t is spacelike; the static (J=0) fixed-r section at the same r is NOT Lorentzian (no real light cone), so the construction has nothing to act on there."
  },
  "partB_control": {
    "rotating": [
      {
        "asym": 0.23497366987470492,
        "asym_W": -0.21974499667627453,
        "frac_co": 0.6174868349373525,
        "drag": 0.17751479289940825,
        "pairing_rel": 2.1750772253331236e-16
      },
      {
        "asym": 0.23046615946267401,
        "asym_W": -0.21458636947656295,
        "frac_co": 0.615233079731337,
        "drag": 0.17751479289940825,
        "pairing_rel": 6.771691733011605e-16
      },
      {
        "asym": 0.22169703983512012,
        "asym_W": -0.21142624255608722,
        "frac_co": 0.6108485199175601,
        "drag": 0.17751479289940825,
        "pairing_rel": 3.373298343501518e-16
      },
      {
        "asym": 0.22138246045271104,