{
  "schema": "spectral-triple-modular/v1",
  "status": "complete",
  "calc": "H5g-4 spectral-triple / modular-flow PoC (2D slab)",
  "config": {
    "Ns": [
      1200
    ],
    "n_seeds": 5,
    "T_extent": 0.3,
    "X_extent": 1.0,
    "cut": "x>0 (Rindler half-line)",
    "kappa": null,
    "connes_pairs": 14,
    "connes_max_n": 220,
    "dirac_candidate": "D_K = sgn(K) sqrt(|K|) from untruncated SJ modular kernel K(x,y)"
  },
  "references_verified": [
    "1611.10281",
    "1712.04227",
    "2008.07697",
    "0905.2562",
    "gr-qc/9406019",
    "1305.2588",
    "1001.2725"
  ],
  "per_seed": [
    {
      "N": 1200,
      "seed": 2200,
      "n_sub": 605,
      "n_modes": 171,
      "S": 33.06160501225203,
      "spec_scale_D2_over_absK": 1.0,
      "spec_match_r2": 1.0,
      "spec_rel_resid": 1.977909220506562e-15,
      "offdiag_slope": -0.4957395306509694,
      "offdiag_r2": 0.7790160522807787,
      "boost_diag_slope": 27.682177427100164,
      "boost_diag_r2": 0.9678285613438051,
      "weyl_dim": 1.542682756845662,
      "weyl_r2": 0.9987120313417516
    },
    {
      "N": 1200,
      "seed": 2217,
      "n_sub": 614,
      "n_modes": 164,
      "S": 26.62913590323953,
      "spec_scale_D2_over_absK": 1.0000000000000007,
      "spec_match_r2": 1.0,
      "spec_rel_resid": 1.809674753263934e-15,
      "offdiag_slope": -0.4879266536285635,
      "offdiag_r2": 0.7599143142876514,
      "boost_diag_slope": 26.947447710554762,
      "boost_diag_r2": 0.9466400959835864,
      "weyl_dim": 1.5508323180628243,
      "weyl_r2": 0.9963963298292122
    },
    {
      "N": 1200,
      "seed": 2234,
      "n_sub": 602,
      "n_modes": 165,
      "S": 34.10201632936031,
      "spec_scale_D2_over_absK": 1.0,
      "spec_match_r2": 1.0,
      "spec_rel_resid": 1.7931546853100353e-15,
      "offdiag_slope": -0.5659862610016783,
      "offdiag_r2": 0.74928347522271,
      "boost_diag_slope": 26.739912129511847,
      "boost_diag_r2": 0.9481883701136039,
      "weyl_dim": 1.4652212833006868,
      "weyl_r2": 0.99636369783517
    },
    {
      "N": 1200,
      "seed": 2251,
      "n_sub": 614,
      "n_modes": 166,
      "S": 29.18725842935349,
      "spec_scale_D2_over_absK": 1.0,
      "spec_match_r2": 1.0,
      "spec_rel_resid": 1.9286718546275136e-15,
      "offdiag_slope": -0.4854320253538527,
      "offdiag_r2": 0.7600744533911032,
      "boost_diag_slope": 26.75986832833905,
      "boost_diag_r2": 0.9557715912206766,
      "weyl_dim": 1.4796788215511845,
      "weyl_r2": 0.9965875118286991
    },
    {
      "N": 1200,
      "seed": 2268,
      "n_sub": 600,
      "n_modes": 156,
      "S": 29.250477634053347,
      "spec_scale_D2_over_absK": 0.9999999999999998,
      "spec_match_r2": 1.0,
      "spec_rel_resid": 1.5524632578957634e-15,
      "offdiag_slope": -0.48111022561840794,
      "offdiag_r2": 0.7773124180250717,
      "boost_diag_slope": 26.77214295694578,
      "boost_diag_r2": 0.957305874555496,
      "weyl_dim": 1.6527422128284373,
      "weyl_r2": 0.9962257173869239
    }
  ],
  "aggregate": {
    "spec_scale_D2_over_absK_mean": 1.0000000000000002,
    "spec_match_r2_mean": 1.0,
    "spec_rel_resid_mean": 1.8123747543207614e-15,
    "offdiag_slope_mean": -0.5032389392506944,
    "offdiag_r2_mean": 0.765120142641463,
    "boost_diag_slope_mean": 26.98030971049032,
    "boost_diag_r2_mean": 0.9551468986434337,
    "weyl_dim_mean": 1.5382314785177589,
    "weyl_r2_mean": 0.9968570576443515,
    "n_sub_mean": 607.0
  },
  "connes": {
    "n_points_used": 220,
    "n_pairs_used": 14,
    "causal_dist": [
      8.557678662590718e-06,
      0.013925702112161709,
      0.029323881789719675,
      0.04589085961500605,
      0.062271841827430396,
      0.07970886904544505,
      0.0985838685342828,
      0.11924674491115383,
      0.14169286391601865,
      0.1651744295230939,
      0.19271397434457405,
      0.22634314921529586,
      0.26607341348944114,
      0.35666892860428834
    ],
    "connes_dist": [
      2.1857335945362113,
      2.3145250759795153,
      2.3738354739294714,
      2.415819756525509,
      2.090124218882858,
      2.4519441546979026,
      1.8273137143024132,
      2.085357163319547,
      2.6985213257021647,
      2.0512360374596126,
      2.446395557234175,
      1.7601498356499536,
      2.1350240687305218,
      2.688948577291117
    ],
    "pearson_corr": 0.09764070248297149,
    "lin_slope": 0.2669461271238774,
    "lin_r2": 0.009533706781367779,
    "note": "Connes on contiguous 220-point near-cut patch (full n=614)"
  },
  "verdict": {
    "spec_match": true,
    "boost_linear": true,
    "offdiag_local": false,
    "weyl_ok": false,
    "connes_tracks_causal": false,
    "correspondence": "no-match",
    "spectral_geometry_ok": false
  },
  "caveat": "D_K is a SURROGATE Dirac (square-root-modulus of the SJ modular kernel), NOT an axiomatic causal-set spectral triple of known KO-dimension/real structure. The test asks whether the modular data alone carries metric+locality content.",
  "elapsed_s": 327.62191891670227
}