{
  "schema": "spectral-triple-modular/v1",
  "status": "complete",
  "calc": "H5g-4 spectral-triple / modular-flow PoC (2D slab)",
  "config": {
    "Ns": [
      1200
    ],
    "n_seeds": 5,
    "T_extent": 0.3,
    "X_extent": 1.0,
    "cut": "x>0 (Rindler half-line)",
    "kappa": null,
    "connes_pairs": 16,
    "connes_max_n": 220,
    "dirac_candidate": "D_K = sgn(K) sqrt(|K|) from untruncated SJ modular kernel K(x,y)"
  },
  "references_verified": [
    "1611.10281",
    "1712.04227",
    "2008.07697",
    "0905.2562",
    "gr-qc/9406019",
    "1305.2588",
    "1001.2725"
  ],
  "per_seed": [
    {
      "N": 1200,
      "seed": 2200,
      "n_sub": 605,
      "n_modes": 171,
      "S": 33.06160501225203,
      "spec_scale_D2_over_absK": 1.0,
      "spec_match_r2": 1.0,
      "spec_rel_resid": 1.977909220506562e-15,
      "offdiag_slope": -0.4957395306509694,
      "offdiag_r2": 0.7790160522807787,
      "boost_diag_slope": 27.682177427100164,
      "boost_diag_r2": 0.9678285613438051,
      "weyl_dim": 1.542682756845662,
      "weyl_r2": 0.9987120313417516
    },
    {
      "N": 1200,
      "seed": 2217,
      "n_sub": 614,
      "n_modes": 164,
      "S": 26.62913590323953,
      "spec_scale_D2_over_absK": 1.0000000000000007,
      "spec_match_r2": 1.0,
      "spec_rel_resid": 1.809674753263934e-15,
      "offdiag_slope": -0.4879266536285635,
      "offdiag_r2": 0.7599143142876514,
      "boost_diag_slope": 26.947447710554762,
      "boost_diag_r2": 0.9466400959835864,
      "weyl_dim": 1.5508323180628243,
      "weyl_r2": 0.9963963298292122
    },
    {
      "N": 1200,
      "seed": 2234,
      "n_sub": 602,
      "n_modes": 165,
      "S": 34.10201632936031,
      "spec_scale_D2_over_absK": 1.0,
      "spec_match_r2": 1.0,
      "spec_rel_resid": 1.7931546853100353e-15,
      "offdiag_slope": -0.5659862610016783,
      "offdiag_r2": 0.74928347522271,
      "boost_diag_slope": 26.739912129511847,
      "boost_diag_r2": 0.9481883701136039,
      "weyl_dim": 1.4652212833006868,
      "weyl_r2": 0.99636369783517
    },
    {
      "N": 1200,
      "seed": 2251,
      "n_sub": 614,
      "n_modes": 166,
      "S": 29.18725842935349,
      "spec_scale_D2_over_absK": 1.0,
      "spec_match_r2": 1.0,
      "spec_rel_resid": 1.9286718546275136e-15,
      "offdiag_slope": -0.4854320253538527,
      "offdiag_r2": 0.7600744533911032,
      "boost_diag_slope": 26.75986832833905,
      "boost_diag_r2": 0.9557715912206766,
      "weyl_dim": 1.4796788215511845,
      "weyl_r2": 0.9965875118286991
    },
    {
      "N": 1200,
      "seed": 2268,
      "n_sub": 600,
      "n_modes": 156,
      "S": 29.250477634053347,
      "spec_scale_D2_over_absK": 0.9999999999999998,
      "spec_match_r2": 1.0,
      "spec_rel_resid": 1.5524632578957634e-15,
      "offdiag_slope": -0.48111022561840794,
      "offdiag_r2": 0.7773124180250717,
      "boost_diag_slope": 26.77214295694578,
      "boost_diag_r2": 0.957305874555496,
      "weyl_dim": 1.6527422128284373,
      "weyl_r2": 0.9962257173869239
    }
  ],
  "aggregate": {
    "spec_scale_D2_over_absK_mean": 1.0000000000000002,
    "spec_match_r2_mean": 1.0,
    "spec_rel_resid_mean": 1.8123747543207614e-15,
    "offdiag_slope_mean": -0.5032389392506944,
    "offdiag_r2_mean": 0.765120142641463,
    "boost_diag_slope_mean": 26.98030971049032,
    "boost_diag_r2_mean": 0.9551468986434337,
    "weyl_dim_mean": 1.5382314785177589,
    "weyl_r2_mean": 0.9968570576443515,
    "n_sub_mean": 607.0
  },
  "connes": {
    "n_points_used": 220,
    "n_pairs_used": 16,
    "causal_dist": [
      8.557678662590718e-06,
      0.011991998552072225,
      0.02492880329769709,
      0.03943696470652003,
      0.05327786985064398,
      0.06782490430546129,
      0.08346015227792547,
      0.09987686276003949,
      0.11791115305529609,
      0.13673032671204832,
      0.15730530120945985,
      0.17830482727442787,
      0.20562875256949575,
      0.23662984078990568,
      0.2725859744879091,
      0.35666892860428834
    ],
    "connes_dist": [
      2.1857335945362113,
      2.0638807383296482,
      2.2794339668372876,
      2.123604208512059,
      2.087165796388634,
      1.9201029859502015,
      2.2606688573339797,
      2.41968515233456,
      2.170045831233413,
      2.1403842814557072,
      2.116242894699586,
      2.052026405178651,
      2.051195273549931,
      1.9426016496364178,
      2.193620068999885,
      2.6665997044314373
    ],
    "pearson_corr": 0.3194951525577358,
    "lin_slope": 0.5717946106093991,
    "lin_r2": 0.10207715250789018,
    "note": "Connes on contiguous 220-point near-cut patch (full n=614)"
  },
  "verdict": {
    "spec_match": true,
    "boost_linear": true,
    "offdiag_local": false,
    "weyl_ok": false,
    "connes_tracks_causal": false,
    "correspondence": "no-match",
    "spectral_geometry_ok": false
  },
  "caveat": "D_K is a SURROGATE Dirac (square-root-modulus of the SJ modular kernel), NOT an axiomatic causal-set spectral triple of known KO-dimension/real structure. The test asks whether the modular data alone carries metric+locality content.",
  "elapsed_s": 374.87632298469543
}