{
  "task": "VYPOCET-13 SSEE 4D slab vs diamond; Hadamard diagnostic",
  "conventions": {
    "G_R_4D": "a L, a=sqrt(rho)/(2 pi sqrt6) (Johnston 0909.0944 m=0)",
    "G_R_2D": "(1/2) C (Sorkin-Yazdi 1611.10281)",
    "iDelta": "i(G_R-G_R^T); W=positive part",
    "SSEE": "W_O v=mu iDelta_O v; S=sum mu ln|mu| (1611.10281;2008.07697)",
    "truncation_4D": "double mag cutoff kappa=0.05 lambda_max (1712.04227)",
    "truncation_2D": "kappa=sqrt(N)/(4 pi) (1712.04227)",
    "validated_object": "link-matrix iDelta; BD does not change scaling (VYPOCET-09)",
    "literature": {
      "slab_area_law": "de Sitter slab+Rindler wedge => area law (2008.07697)",
      "diamond_volume": "nested diamonds => volume law (2008.07697;1712.04227)",
      "SJ_non_Hadamard_corner": "1+1D diamond SJ non-Hadamard at corners (2212.10592)",
      "caveat": "2412.07832 / dS paper: EE behaviour and non-Hadamard likely NOT directly connected"
    }
  },
  "part1_slab_4d": {
    "geometry": "box slab {0<t<T,|x_i|<L}, T<<L; half-space cut x_1>0",
    "T": 0.5,
    "Ls": [
      0.55,
      0.65,
      0.75,
      0.85
    ],
    "rho_target": 850.0,
    "n_seeds": 3,
    "kappa_frac": 0.05,
    "per_L": {
      "L=0.55": {
        "N": 566,
        "rho": 850.4883546205857,
        "area_ent": 0.6050000000000001,
        "vol_half": 0.3327500000000001,
        "S_seeds": [
          8.575147190322777,
          7.679211009636838,
          8.717667759789842
        ],
        "S_mean": 8.32400865324982,
        "S_std": 0.5629396318318193,
        "modes": [
          182,
          184,
          176
        ]
      },
      "L=0.65": {
        "N": 934,
        "rho": 850.2503413746017,
        "area_ent": 0.8450000000000001,
        "vol_half": 0.54925,
        "S_seeds": [
          8.919745634007894,
          10.173438059495744,
          11.128289566111512
        ],
        "S_mean": 10.073824419871718,
        "S_std": 1.1076365527136087,
        "modes": [
          296,
          304,
          314
        ]
      },
      "L=0.75": {
        "N": 1434,
        "rho": 849.7777777777778,
        "area_ent": 1.125,
        "vol_half": 0.84375,
        "S_seeds": [
          14.236563152562844,
          13.556600166278708,
          13.772025563440089
        ],
        "S_mean": 13.855062960760547,
        "S_std": 0.3475037016988841,
        "modes": [
          434,
          446,
          426
        ]
      },
      "L=0.85": {
        "N": 2088,
        "rho": 849.989822918787,
        "area_ent": 1.4449999999999998,
        "vol_half": 1.2282499999999998,
        "S_seeds": [
          17.04997152611565,
          15.740716058104287,
          15.708754850916163
        ],
        "S_mean": 16.166480811712034,
        "S_std": 0.7652922719584275,
        "modes": [
          602,
          606,
          606
        ]
      }
    },
    "S_mean": [
      8.32400865324982,
      10.073824419871718,
      13.855062960760547,
      16.166480811712034
    ],
    "S_std": [
      0.5629396318318193,
      1.1076365527136087,
      0.3475037016988841,
      0.7652922719584275
    ],
    "areas": [
      0.6050000000000001,
      0.8450000000000001,
      1.125,
      1.4449999999999998
    ],
    "vols_half": [
      0.3327500000000001,
      0.54925,
      0.84375,
      1.2282499999999998
    ],
    "Ns": [
      566,
      934,
      1434,
      2088
    ],
    "fit_S_vs_L": {
      "slope": 1.590341496808448,
      "R2": 0.9823695230084898,
      "area_law_slope": 2.0,
      "volume_law_slope": 3.0
    },
    "fit_S_vs_area_pow": {
      "p": 0.7951707484042239,
      "R2": 0.9823695230084899
    },
    "fit_S_vs_vol_pow": {
      "p": 0.5301138322694815,
      "R2": 0.98236952300849
    },
    "area_vs_volume": {
      "R2_area": 0.9835481960961531,
      "R2_vol": 0.9766525776998339,
      "beta_area": 9.74198105682205,
      "beta_vol": 9.065156276737639,
      "verdict": "AREA"
    },
    "edge_note": "T<<L keeps entangling surface x_1=0 far from spatial faces |x_i|~L; box has truncated causal past/future near faces (edge effects). Interior-only control in part1b."
  },
  "part1b_slab_4d_interior": {
    "S_mean": [
      11.244666463246194,
      15.561165486694486,
      23.37181112745773,
      28.030146283671936
    ],
    "areas": [
      0.29645,
      0.4140499999999999,
      0.5512499999999998,
      0.70805
    ],
    "vols_half": [
      0.08152375,
      0.13456624999999997,
      0.20671874999999992,
      0.30092125
    ],
    "fit_S_vs_L": {
      "slope": 2.1759681130793593,
      "R2": 0.9885221265276692
    },
    "area_vs_volume": {
      "R2_area": 0.9845827233147342,
      "R2_vol": 0.9738251607534603,
      "beta_area": 42.25894224396978,
      "beta_vol": 78.49080723843221,
      "verdict": "AREA"
    }
  },
  "part1c_diamond_4d_ref": {
    "N": 1600,
    "fracs": [
      0.4,
      0.45,
      0.5,
      0.55,
      0.6,
      0.65
    ],
    "S": [
      2.9544456402302446,
      5.234482027546425,
      9.651741358207287,
      14.723736268987178,
      17.763813979238034,
      24.069330512830007
    ],
    "area": [
      2.0106192982974678,
      2.5446900494077327,
      3.141592653589793,
      3.8013271108436504,
      4.523893421169302,
      5.3092915845667505
    ],
    "vol": [
      0.05361651462126581,
      0.08588328916751096,
      0.1308996938995747,
      0.19165024183836737,
      0.2714336052701581,
      0.37386261574657537
    ],
    "n_sub": [
      40,
      72,
      108,
      164,
      214,
      300
    ],
    "S_powerlaw_in_f": 4.341137960518837,
    "area_vs_volume": {
      "R2_area": 0.993279776805259,
      "R2_vol": 0.99043695482438,
      "beta_area": 6.42875475953082,
      "beta_vol": 0.08214844186207007,
      "verdict": "AREA"
    }
  },
  "part2_2d_control": {
    "slab": {
      "T": 0.3,
      "Ls": [
        0.8,
        1.1,
        1.4,
        1.7,
        2.0
      ],
      "Ns": [
        864,
        1188,
        1512,
        1836,
        2160
      ],
      "S": [
        0.25950435681496553,
        0.15720360506212466,
        0.16702286152280613,
        0.13334621861338572,
        0.1352466778613352
      ],
      "fit_S_vs_L_pow": {
        "p": -0.6754698384793322,
        "R2": 0.8171222336761608
      },
      "fit_S_vs_lnL": {
        "a": -0.12677488985151034,
        "b": 0.20678357691294572,
        "R2": 0.7842112171581346
      },
      "note": "2D half-line area law is logarithmic; volume law would be S~L"
    },
    "diamond": {
      "N": 2400,
      "fracs": [
        0.4,
        0.5,
        0.6,
        0.7,
        0.8
      ],
      "S": [
        1.534925177588669,
        1.7308727737970417,
        1.6855649975978748,
        1.5870558488349027,
        1.4080002036064894
      ],
      "fit_S_vs_lnf": {
        "a": -0.18762438199715809,
        "b": 1.4879635557863944,
        "R2": 0.16207230272905238
      },
      "fit_S_vs_f_pow": {
        "p": -0.12300925499748094,
        "R2": 0.17066628508974357
      }
    }
  },
  "part3_hadamard": {
    "predictions": {
      "4D_Hadamard": "ReW ~ 1/(4 pi^2 s^2) spacelike => loglog slope -2",
      "2D_Hadamard": "ReW ~ -1/(4 pi) ln s => log-slope -1/(4pi)=-0.0796",
      "non_Hadamard_site": "diamond corners (u-v'=+-2L), Yazdi/Mathur/Surya 2212.10592"
    },
    "diamond_4d": {
      "N": 4000,
      "ell": 0.15126890236130566,