{
  "meta": {
    "calc": "ds-amol-convention",
    "vypocet": "VYPOCET-27",
    "question": "WHY A_mol ~ rho^{1.77} (codim-1 worldtube) not rho^{0.5} (codim-2 area), and is the 4D area-law salvageable?",
    "anti_circularity": {
      "epsilon_law": "eps = rho^{-1/4} (4D) FIXED from F-006 rho^{-1/d}",
      "F006_p_rank": 0.5188759456500236,
      "F006_p_err": 0.0066971104884981
    },
    "geometry": {
      "l": 1.0,
      "T_HALF": 0.5,
      "XPERP": 1.0,
      "R_CUT": 1.0,
      "DIM": 4,
      "alpha_rank": 2.0,
      "k_tube_codim2": 1.5,
      "dense_N_max": 2500
    },
    "references_repo_present_only": [
      "dou-sorkin-2003 (gr-qc/0302009)",
      "johnston-2009 (0909.0944)",
      "clpw-2022 (2206.10780)",
      "F-006 (ssee-diamond)"
    ],
    "conformal_weight_caveat": "4D massless scalar NOT conformally invariant; VYPOCET-21 controlled approximation (flat order + dS sech^2 measure + Johnston link Green), not the exact dS Wightman state. dS A/4 'WARN neove\u0159eno'.",
    "c_2D_reference": 7.570977917981071,
    "toe_version": "0.3.0"
  },
  "stage_a_exponents": {
    "description": "Stage A: exponent re-analysis of the staged 4D dS entropy-cap artifacts (ds_cap_4d-grid + -highN). A_mol_raw = horizon_links_cap_Amol (codim-1 worldtube link count); S_full = mean over boxes of S_full_mean (robust to broken saturating-fit caps).",
    "n_dense_cells": 15,
    "per_l": {
      "l=0.8": {
        "rho": [
          60.0,
          120.0,
          240.0,
          480.0,
          960.0,
          1920.0
        ],
        "A_mol_raw": [
          40.27777777777778,
          154.66666666666666,
          560.8888888888889,
          1883.7222222222222,
          5719.444444444444,
          19232.777777777777
        ],
        "S_full_plateau": [
          6.93075753879339,
          17.341215897260902,
          35.94103154454445,
          70.35394207264895,
          141.21108630880974,
          287.68873973706815
        ],
        "n_sub": [
          162.55555555555557,
          326.36111111111114,
          650.3333333333334,
          1304.4722222222222,
          2610.277777777778,
          5206.722222222222
        ],
        "N_total": [
          192.1161543530972,
          383.9805735963165,
          768.1155059091889,
          1536.2046292052803,
          3071.9908024546003,
          6144.1461030988585
        ],
        "p_A": 1.767730241747584,
        "p_A_se": 0.028531032310330714,
        "p_A_n": 6,
        "p_S": 1.0549282315639925,
        "p_S_se": 0.027525767337588904,
        "p_S_n": 6,
        "p_n": 1.0002872900358661,
        "p_n_se": 0.0006650433537640102,
        "p_n_n": 6,
        "p_N": 0.9998854325420365,
        "p_N_se": 7.234947250238426e-05,
        "p_N_n": 6,
        "drift_pS_minus_pA": -0.7128020101835915
      },
      "l=1.0": {
        "rho": [
          60.0,
          120.0,
          240.0,
          480.0,
          960.0
        ],
        "A_mol_raw": [
          86.22222222222223,
          318.27777777777777,
          1105.111111111111,
          3547.5555555555557,
          11251.555555555555
        ],
        "S_full_plateau": [
          12.391633555174343,
          27.169400601465156,
          54.49464318423254,
          109.29622422224459,
          218.46022058217827
        ],
        "n_sub": [
          182.41666666666666,
          366.6666666666667,
          729.388888888889,
          1462.4722222222224,
          2923.5
        ],
        "N_total": [
          240.17549480778976,
          480.0729924568724,
          960.1003693638362,
          1920.2739289656336,
          3840.4441213845225
        ],
        "p_A": 1.753416496151004,
        "p_A_se": 0.027325792881907392,
        "p_A_n": 5,
        "p_S": 1.0288053542470357,
        "p_S_se": 0.015137567178623327,
        "p_S_n": 5,
        "p_n": 1.0000642474830328,
        "p_n_se": 0.0011290914919680998,
        "p_n_n": 5,
        "p_N": 0.9998211033119716,
        "p_N_se": 9.78048585702023e-05,
        "p_N_n": 5,
        "drift_pS_minus_pA": -0.7246111419039682
      },
      "l=1.5": {
        "rho": [
          60.0,
          120.0,
          240.0,
          480.0
        ],
        "A_mol_raw": [
          198.27777777777777,
          694.4444444444445,
          2283.0,
          7694.777777777777
        ],
        "S_full_plateau": [
          21.367899297516413,
          42.06280864560201,
          85.46602706711424,
          174.8063765859774
        ],
        "n_sub": [
          210.00000000000003,
          421.77777777777777,
          835.7222222222222,
          1680.9999999999998
        ],
        "N_total": [
          360.22511712350064,
          721.0827852782919,
          1441.6038954176404,
          2882.5720920859535
        ],
        "p_A": 1.7551853959428212,
        "p_A_se": 0.012557971479023714,
        "p_A_n": 4,
        "p_S": 1.0119528349623268,
        "p_S_se": 0.009100314612823407,
        "p_S_n": 4,
        "p_n": 0.9989115887174416,
        "p_n_se": 0.002935308869212507,
        "p_n_n": 4,
        "p_N": 1.0000596027573692,
        "p_N_se": 0.00029019206783715033,
        "p_N_n": 4,
        "drift_pS_minus_pA": -0.7432325609804944
      }
    },
    "pooled": {
      "rho": [
        60.0,
        60.0,
        60.0,
        120.0,
        120.0,
        120.0,
        240.0,
        240.0,
        240.0,
        480.0,
        480.0,
        480.0,
        960.0,
        960.0,
        1920.0
      ],
      "A_mol_raw": [
        40.27777777777778,
        86.22222222222223,
        198.27777777777777,
        154.66666666666666,
        318.27777777777777,
        694.4444444444445,
        560.8888888888889,
        1105.111111111111,
        2283.0,
        1883.7222222222222,
        3547.5555555555557,
        7694.777777777777,
        5719.444444444444,
        11251.555555555555,
        19232.777777777777
      ],
      "S_full_plateau": [
        6.93075753879339,
        12.391633555174343,
        21.367899297516413,
        17.341215897260902,
        27.169400601465156,
        42.06280864560201,
        35.94103154454445,
        54.49464318423254,
        85.46602706711424,
        70.35394207264895,
        109.29622422224459,
        174.8063765859774,
        141.21108630880974,
        218.46022058217827,
        287.68873973706815
      ],
      "n_sub": [
        162.55555555555557,
        182.41666666666666,
        210.00000000000003,
        326.36111111111114,
        366.6666666666667,
        421.77777777777777,
        650.3333333333334,
        729.388888888889,
        835.7222222222222,
        1304.4722222222222,
        1462.4722222222224,
        1680.9999999999998,
        2610.277777777778,
        2923.5,
        5206.722222222222
      ],
      "N_total": [
        192.1161543530972,
        240.17549480778976,
        360.22511712350064,
        383.9805735963165,
        480.0729924568724,
        721.0827852782919,
        768.1155059091889,
        960.1003693638362,
        1441.6038954176404,
        1536.2046292052803,
        1920.2739289656336,
        2882.5720920859535,
        3071.9908024546003,
        3840.4441213845225,
        6144.1461030988585
      ],
      "p_A": 1.6117266432441255,
      "p_A_se": 0.15240474073446583,
      "p_A_n": 15,
      "p_S": 0.9447743801605221,
      "p_S_se": 0.09760025029530345,
      "p_S_n": 15,
      "p_n": 0.9746393334828903,
      "p_n_se": 0.0257620821069283,
      "p_n_n": 15,
      "p_N": 0.9378992426192738,
      "p_N_se": 0.06383262284447318,
      "p_N_n": 15,
      "drift_pS_minus_pA": -0.6669522630836034
    },
    "clean_column_l0p8": {
      "rho": [
        60.0,
        120.0,
        240.0,
        480.0,
        960.0,
        1920.0
      ],