{
  "schema": "modular-kms-thermal/v1",
  "status": "complete",
  "calc": "H6g-1 modular KMS / thermal-time content of SJ modular flow (2D Rindler slab)",
  "config": {
    "Ns": [
      300,
      600,
      1200
    ],
    "n_seeds": 5,
    "T_extent": 0.3,
    "X_extent": 1.0,
    "rindler_cut": "x>0 (half-line)",
    "interval_cut": "0<x<0.5 (BW does not apply)",
    "shuffle": "Haar-orthogonal conjugation of K (spectrum preserved)",
    "kappa": null,
    "two_pi": 6.283185307179586,
    "wall_cap_s": 1500,
    "lib_kms_primitive": true
  },
  "references_verified": [
    "gr-qc/9406019",
    "1712.04227",
    "1611.10281",
    "0905.2562",
    "2008.07697",
    "1305.2588"
  ],
  "per_seed": [
    {
      "N": 300,
      "seed": 1300,
      "rindler": {
        "n_sub": 144,
        "n_modes": 40,
        "S": 6.163178794891764,
        "beta_occ": 1.0,
        "occ_r2": 1.0,
        "occ_freeslope": 1.0,
        "beta_kms": 1.0,
        "kms_resid_beta1": 1.7768846620627824e-16,
        "kms_resid_min": 1.7768846620627824e-16,
        "boost_slope": 27.510575287513824,
        "boost_r2": 0.9756430468285368,
        "unruh_ratio": 0.8136557763892165
      },
      "interval_control": {
        "n_sub": 74,
        "n_modes": 34,
        "beta_occ": 1.0,
        "occ_r2": 1.0,
        "boost_slope": null,
        "boost_r2": null,
        "unruh_ratio": NaN
      },
      "shuffle_control": {
        "beta_occ": 1.0,
        "occ_r2": 1.0,
        "boost_slope": 0.7501385512673483,
        "boost_r2": 0.2766047327407103,
        "unruh_ratio": 0.02750557901711609
      }
    },
    {
      "N": 300,
      "seed": 1317,
      "rindler": {
        "n_sub": 140,
        "n_modes": 41,
        "S": 6.563930531583298,
        "beta_occ": 1.0,
        "occ_r2": 1.0,
        "occ_freeslope": 1.0000000000000004,
        "beta_kms": 1.0,
        "kms_resid_beta1": 1.81466483875808e-16,
        "kms_resid_min": 1.81466483875808e-16,
        "boost_slope": 27.110609265342983,
        "boost_r2": 0.9437104036644784,
        "unruh_ratio": 0.8083845626519808
      },
      "interval_control": {
        "n_sub": 71,
        "n_modes": 34,
        "beta_occ": 1.0,
        "occ_r2": 1.0,
        "boost_slope": null,
        "boost_r2": null,
        "unruh_ratio": NaN
      },
      "shuffle_control": {
        "beta_occ": 1.0,
        "occ_r2": 1.0,
        "boost_slope": -0.05319679289933601,
        "boost_r2": 0.0023625540225789,
        "unruh_ratio": -0.0019414575607687686
      }
    },
    {
      "N": 300,
      "seed": 1334,
      "rindler": {
        "n_sub": 165,
        "n_modes": 37,
        "S": 5.4028554417134815,
        "beta_occ": 1.0,
        "occ_r2": 1.0,
        "occ_freeslope": 0.9999999999999996,
        "beta_kms": 1.0,
        "kms_resid_beta1": 1.8251622996622765e-16,
        "kms_resid_min": 1.8251622996622765e-16,
        "boost_slope": 28.146073249239226,
        "boost_r2": 0.9499717306808168,
        "unruh_ratio": 0.772938426493902
      },
      "interval_control": {
        "n_sub": 81,
        "n_modes": 38,
        "beta_occ": 1.0,
        "occ_r2": 1.0,
        "boost_slope": 0.11909340038959136,
        "boost_r2": 0.00020144963249502101,
        "unruh_ratio": 0.007989863107737893
      },
      "shuffle_control": {
        "beta_occ": 1.0,
        "occ_r2": 1.0,
        "boost_slope": 0.47214102014089826,
        "boost_r2": 0.1307966749745425,
        "unruh_ratio": 0.015528392378311644
      }
    },
    {
      "N": 300,
      "seed": 1351,
      "rindler": {
        "n_sub": 152,
        "n_modes": 30,
        "S": 3.518013576840172,
        "beta_occ": 1.0,
        "occ_r2": 1.0,
        "occ_freeslope": 1.0000000000000004,
        "beta_kms": 1.0,
        "kms_resid_beta1": 1.8226806872422565e-16,
        "kms_resid_min": 1.8226806872422565e-16,
        "boost_slope": 26.063560363080967,
        "boost_r2": 0.8813556556719416,
        "unruh_ratio": 0.6878689511208596
      },
      "interval_control": {
        "n_sub": 76,
        "n_modes": 36,
        "beta_occ": 1.0,
        "occ_r2": 1.0,
        "boost_slope": -2.92556399627153,
        "boost_r2": 0.39403053242146047,
        "unruh_ratio": -0.13950943265082674
      },
      "shuffle_control": {
        "beta_occ": 1.0,
        "occ_r2": 1.0,
        "boost_slope": -0.35453517369740317,
        "boost_r2": 0.05999665686969535,
        "unruh_ratio": -0.011050496646362968
      }
    },
    {
      "N": 300,
      "seed": 1368,
      "rindler": {
        "n_sub": 138,
        "n_modes": 34,
        "S": 5.512773791490445,
        "beta_occ": 1.0,
        "occ_r2": 1.0,
        "occ_freeslope": 1.0000000000000002,
        "beta_kms": 1.0,
        "kms_resid_beta1": 3.1265512314547575e-16,
        "kms_resid_min": 3.1265512314547575e-16,
        "boost_slope": 30.90621274926732,
        "boost_r2": 0.9716046418405963,
        "unruh_ratio": 0.8433904711548618
      },
      "interval_control": {
        "n_sub": 71,
        "n_modes": 32,
        "beta_occ": 1.0,
        "occ_r2": 1.0,
        "boost_slope": null,
        "boost_r2": null,
        "unruh_ratio": NaN
      },
      "shuffle_control": {
        "beta_occ": 1.0,
        "occ_r2": 1.0,
        "boost_slope": 0.17271991653590882,
        "boost_r2": 0.01823159103566596,
        "unruh_ratio": 0.005889389892319921
      }
    },
    {
      "N": 600,
      "seed": 1600,
      "rindler": {
        "n_sub": 305,
        "n_modes": 89,
        "S": 14.078333236987286,
        "beta_occ": 1.0,
        "occ_r2": 1.0,
        "occ_freeslope": 1.0,
        "beta_kms": 1.0,
        "kms_resid_beta1": 3.2035243279241513e-16,
        "kms_resid_min": 3.2035243279241513e-16,
        "boost_slope": 27.94532774993987,
        "boost_r2": 0.9836953185660701,
        "unruh_ratio": 0.8239749701579001
      },
      "interval_control": {
        "n_sub": 154,
        "n_modes": 74,
        "beta_occ": 1.0,
        "occ_r2": 1.0,
        "boost_slope": 2.4020974488633553,
        "boost_r2": 0.07223279840562158,
        "unruh_ratio": 0.13224106372692127
      },
      "shuffle_control": {
        "beta_occ": 1.0,
        "occ_r2": 1.0,
        "boost_slope": -0.019476322900621085,
        "boost_r2": 0.0006034226421972599,
        "unruh_ratio": -0.0007285806874591997
      }
    },
    {
      "N": 600,
      "seed": 1617,
      "rindler": {
        "n_sub": 304,
        "n_modes": 80,
        "S": 14.35148452299151,
        "beta_occ": 1.0,
        "occ_r2": 1.0,
        "occ_freeslope": 1.0000000000000002,
        "beta_kms": 1.0,
        "kms_resid_beta1": 2.2731096162360552e-16,
        "kms_resid_min": 2.2731096162360552e-16,
        "boost_slope": 27.65867190310693,
        "boost_r2": 0.9386032115734706,
        "unruh_ratio": 0.7779871157305648
      },
      "interval_control": {
        "n_sub": 149,
        "n_modes": 73,
        "beta_occ": 1.0,
        "occ_r2": 1.0,
        "boost_slope": 1.8988981107335683,
        "boost_r2": 0.07087833458700821,
        "unruh_ratio": 0.1329418913313912
      },
      "shuffle_control": {
        "beta_occ": 1.0,
        "occ_r2": 1.0,
        "boost_slope": -0.10131393169086225,
        "boost_r2": 0.03104886359664416,
        "unruh_ratio": -0.003437720179672199
      }
    },
    {
      "N": 600,
      "seed": 1634,
      "rindler": {
        "n_sub": 297,
        "n_modes": 83,
        "S": 14.266499361469537,
        "beta_occ": 1.0,
        "occ_r2": 1.0,
        "occ_freeslope": 1.0000000000000009,
        "beta_kms": 1.0,
        "kms_resid_beta1": 1.6971273333034353e-16,
        "kms_resid_min": 1.6971273333034353e-16,
        "boost_slope": 28.876866849623248,
        "boost_r2": 0.9751987290282246,
        "unruh_ratio": 0.8388804899295156
      },
      "interval_control": {
        "n_sub": 144,
        "n_modes": 70,
        "beta_occ": 1.0,
        "occ_r2": 1.0,
        "boost_slope": 0.37086659114918663,